image_id,new_image_id
Image14001013-9673.jpg,140010139673
Image14001014-0314.jpg,140010140314
Image14001014-3805.jpg,140010143805
Image14001014-4177.jpg,140010144177
Image14001014-4696.jpg,140010144696
Image14001014-4902.jpg,140010144902
Image14001014-5685.jpg,140010145685
Image14001014-5858.jpg,140010145858
Image14001014-6488.jpg,140010146488
Image14001014-7394.jpg,140010147394
Image14001014-7492.jpg,140010147492
Image14001014-8012.jpg,140010148012
Image14001014-8069.jpg,140010148069
Image14001014-8266.jpg,140010148266
Image14001014-8324.jpg,140010148324
Image14001014-8696.jpg,140010148696
Image14001014-8840.jpg,140010148840
Image14001014-9805.jpg,140010149805
Image14001015-0009.jpg,140010150009
Image14001015-1289.jpg,140010151289
Image14001015-1650.jpg,140010151650
Image14001015-2299.jpg,140010152299
Image14001015-2621.jpg,140010152621
Image14001015-2902.jpg,140010152902
Image14001015-3145.jpg,140010153145
Image14001015-3152.jpg,140010153152
Image14001015-3496.jpg,140010153496
Image14001015-4900.jpg,140010154900
Image14001015-4950.jpg,140010154950
Image14001015-6070.jpg,140010156070
Image14001015-6383.jpg,140010156383
Image14001015-7192.jpg,140010157192
Image14001015-7349.jpg,140010157349
Image14001015-7770.jpg,140010157770
Image14001015-8894.jpg,140010158894
Image14001016-0123.jpg,140010160123
Image14001016-0386.jpg,140010160386
Image14001016-0632.jpg,140010160632
Image14001016-0751.jpg,140010160751
Image14001016-3000.jpg,140010163000
Image14001016-3560.jpg,140010163560
Image14001016-4676.jpg,140010164676
Image14001016-5181.jpg,140010165181
Image14001016-6810.jpg,140010166810
Image14105001-0897.jpg,141050010897
Image14105001-1132.jpg,141050011132
Image14105001-2420.jpg,141050012420
Image14105001-3088.jpg,141050013088
Image14105001-3602.jpg,141050013602
Image14105001-3730.jpg,141050013730
Image14105001-5969.jpg,141050015969
Image14105001-6063.jpg,141050016063
Image14105001-6143.jpg,141050016143
Image14105001-6515.jpg,141050016515
Image14105001-6706.jpg,141050016706
Image14105001-7266.jpg,141050017266
Image14105001-7295.jpg,141050017295
Image14105001-7524.jpg,141050017524
Image14105001-9248.jpg,141050019248
Image14105001-9371.jpg,141050019371
Image14105001-9767.jpg,141050019767
Image14105001-9800.jpg,141050019800
Image14105002-0364.jpg,141050020364
Image14105002-2277.jpg,141050022277
Image14105002-4604.jpg,141050024604
Image14105002-4830.jpg,141050024830
Image14105002-5002.jpg,141050025002
Image14105002-5517.jpg,141050025517
Image14105002-6193.jpg,141050026193
Image14105002-6269.jpg,141050026269
Image14105002-6298.jpg,141050026298
Image14105002-8071.jpg,141050028071
Image14105002-8529.jpg,141050028529
Image14105002-9042.jpg,141050029042
Image14105002-9595.jpg,141050029595
Image14105003-0240.jpg,141050030240
Image14105003-1011.jpg,141050031011
Image14105003-1450.jpg,141050031450
Image14105003-2295.jpg,141050032295
Image14105003-3161.jpg,141050033161
Image14105003-3310.jpg,141050033310
Image14105003-3359.jpg,141050033359
Image14105003-4795.jpg,141050034795
Image14105003-5264.jpg,141050035264
Image14105003-6421.jpg,141050036421
Image14105003-7984.jpg,141050037984
Image14105003-8335.jpg,141050038335
Image14105003-8542.jpg,141050038542
Image14105003-9452.jpg,141050039452
Image14105004-0200.jpg,141050040200
Image14105004-0255.jpg,141050040255
Image14105004-0527.jpg,141050040527
Image14105004-0554.jpg,141050040554
Image14105004-0864.jpg,141050040864
Image14105004-1462.jpg,141050041462
Image14105004-2021.jpg,141050042021
Image14105004-2874.jpg,141050042874
Image14105004-3983.jpg,141050043983
Image14105004-5128.jpg,141050045128
Image14105004-6316.jpg,141050046316
